"Selected residue","label","rmsf_angstrom"
"1","A:MET1","0.2993397885279708"
"2","A:GLN2","0.21789818434676272"
"3","A:ILE3","0.1991558926443582"
"4","A:PHE4","0.19671808192779142"
"5","A:VAL5","0.20990968588470907"
"6","A:LYS6","0.2590997036641324"
"7","A:THR7","0.23882002272963743"
"8","A:LEU8","0.34717497212623694"
"9","A:THR9","0.3096888178740201"
"10","A:GLY10","0.3083543003162654"
"11","A:LYS11","0.23141996560225098"
"12","A:THR12","0.24469855899381837"
"13","A:ILE13","0.23341889373871594"
"14","A:THR14","0.313410056922021"
"15","A:LEU15","0.25744088847806534"
"16","A:GLU16","0.20365482335649615"
"17","A:VAL17","0.2704169748284483"
"18","A:GLU18","0.3002577564688696"
"19","A:PRO19","0.23391867811738468"
"20","A:SER20","0.2267533076976218"
"21","A:ASP21","0.25224201628266374"
"22","A:THR22","0.22650526034257523"
"23","A:ILE23","0.2223975940209047"
"24","A:GLU24","0.21044816561239532"
"25","A:ASN25","0.2076187334643994"
"26","A:VAL26","0.17702330891113816"
"27","A:LYS27","0.19230862975995358"
"28","A:ALA28","0.2652299495024699"
"29","A:LYS29","0.24235549264304607"
"30","A:ILE30","0.19532660616225922"
"31","A:GLN31","0.31039431315584326"
"32","A:ASP32","0.5228952743810815"
"33","A:LYS33","0.5771609789356746"
"34","A:GLU34","0.5990487045189692"
"35","A:GLY35","0.5664830488428305"
"36","A:ILE36","0.44498074263712617"
"37","A:PRO37","0.2297962778391725"
"38","A:PRO38","0.2130303785086249"
"39","A:ASP39","0.2889302458326282"
"40","A:GLN40","0.28397673745278706"
"41","A:GLN41","0.21998908953696295"
"42","A:ARG42","0.2742861761047181"
"43","A:LEU43","0.24275478887760515"
"44","A:ILE44","0.3007864408596967"
"45","A:PHE45","0.2807742694721652"
"46","A:ALA46","0.3402643855503432"
"47","A:GLY47","0.5870421942164671"
"48","A:LYS48","0.5460393837951443"
"49","A:GLN49","0.24744838159457627"
"50","A:LEU50","0.3479092079417196"
"51","A:GLU51","0.3481543720392346"
"52","A:ASP52","0.34515005525691544"
"53","A:GLY53","0.3048011015510377"
"54","A:ARG54","0.19192674895042272"
"55","A:THR55","0.2146658655028924"
"56","A:LEU56","0.20811954948672223"
"57","A:SER57","0.21964570672589862"
"58","A:ASP58","0.20528073911259265"
"59","A:TYR59","0.23481806266538593"
"60","A:ASN60","0.28605387779798397"
"61","A:ILE61","0.3078565203247914"
"62","A:GLN62","0.37638056185553914"
"63","A:LYS63","0.3144796294972211"
"64","A:GLU64","0.2838893594074472"
"65","A:SER65","0.2575660112398356"
"66","A:THR66","0.29259988929427516"
"67","A:LEU67","0.20603568600257885"
"68","A:HIS68","0.255219077532775"
"69","A:LEU69","0.29480876175924314"
"70","A:VAL70","0.3497614704305093"
"71","A:LEU71","0.4671794428862004"
"72","A:ARG72","0.4778888227068421"
"73","A:LEU73","0.5506488051641991"
"74","A:ARG74","0.38590217383297953"
"75","A:GLY75","0.5478027565939627"
"76","A:GLY76","1.3275845107743458"